UserID,Gender,Title,GivenName,Surname,State,ZipCode,Username,HashedPassword
0,male,Mx.,Lachlan,McCormick,TAS,7050,comp2100@anu.au,0e7f35c5d378da39a8fa1e76f7c243bb57247ccccc55379ec6ac7acb12ff494c
1,male,Mx.,Seth,Boland,NSW,2328,comp6442@anu.au,a4e86803396645008c33da3e09f676cbc3c83e00b5772fdad52fb8beb8482613
2,female,Mrs.,Makayla,Clifton,ACT,2600,Makayla.Clifton@smeething.com,22aaedb61ff479d37ed7ccd7dbc92a4c1b448517e8d1eb86bb784a70e9502212
3,male,Mr.,Finn,Easterbrook,NT,820,FinnEasterbrook@cuvox.de,ae10faa444bdea037e1a9231058b580236e4aeef9ee0064df1ea504a863c90d4
4,female,Mrs.,Anna,Kingsmill,VIC,3875,AnnaKingsmill@rhyta.com,bf4ea985168721854ff6272059715365791598a812f500c1ca1d984863bdc587
5,female,Ms.,Jessica,Franklin,VIC,3718,JessicaFranklin@rhyta.com,9763d739a6d648213a389a6acbc90b13dd028cf30bc0a207d4d76d478cf39d3e
6,female,Mrs.,Eden,Murray-Prior,WA,6112,EdenMurray-Prior@cuvox.de,b18df5e5bf46277187d5781336ac4768bd5d060924ceb1bf071c28bada4d2cec
7,male,Mr.,Andrew,Boag,VIC,3371,AndrewBoag@jourrapide.com,17b1be54239e6e3823fd3150fd8c03f610f3aa39241c717e1dc6c0e17d37120d
8,female,Mrs.,Alannah,Lower,SA,5137,AlannahLower@cuvox.de,56bac1f4de80e316e2d905d6edde7951817235df4e1b04cd7657c25868aab1ed
9,male,Mr.,Sean,Helpman,QLD,4300,SeanHelpman@jourrapide.com,67fd040df9e0e0d110eb21e5db5a1ca8d2aff80eb4ea5e53e97a608e93d1f40e
10,male,Mr.,Matthew,Boyes,NSW,2370,MatthewBoyes@einrot.com,400c9152e5e7efb05764956b45ece67c3552337ffa5ccea62d8c74b675b20dd3
11,female,Ms.,Mariam,Jacobs,VIC,3608,MariamJacobs@fleckens.hu,6b08e81ef60fa2f775eb36229db6fce1e2c4fa5f029a9d4c615ecd9460538f08
12,female,Mrs.,Natasha,Bagot,QLD,4341,NatashaBagot@fleckens.hu,76389f64a80436abeeb646c8b34e1a32a086e9a0840bc7dd06a89d04449fe887
13,female,Ms.,Caitlin,Fowler,QLD,4121,CaitlinFowler@dayrep.com,811570b779b7fe65196380a1777f07db173098fc20c7a3438a6970167c028bec
14,female,Ms.,Isabelle,Lynas,SA,5270,IsabelleLynas@cuvox.de,6cd1ca406804c3d38ff8fc8fba46cce3a9d6f3d7a739765b4bac78c9adef4b88
15,male,Mr.,Julian,McGuigan,QLD,4357,JulianMcGuigan@rhyta.com,ccf24749096f1e44ec26e12cf63976525618b96677fdea31d580346e819b1426
16,female,Ms.,Piper,Dangar,QLD,4650,PiperDangar@fleckens.hu,783f9198703d96ef023bf62ccddc7f214b2ede5ee46a48b8a4f866cf2569ca61
17,male,Mr.,Rory,Knopwood,SA,5259,RoryKnopwood@fleckens.hu,5fe866b5ce94cf65d4cfb2c950af8502fc43046412f3fe0007d1e783c6c0734a
18,male,Mr.,Logan,Carslaw,WA,6432,LoganCarslaw@superrito.com,e577c7c2b2929168724ee2f9ba03e0ec3f678213c881e9d4782aea4f1b809c0d
19,female,Mrs.,Brooke,Lennox,SA,5481,BrookeLennox@rhyta.com,f1eb4d62a66e38d566f87b7021451c25973ec35d0688c81e71f2bb93f3d4bea4
20,male,Mr.,Cooper,Stoate,WA,6530,CooperStoate@dayrep.com,176e1cd652c1f7f2dc2afa50e636f6184a230cd14cd29179653bcbcd6db619e4
21,female,Ms.,Poppy,Musgrove,WA,6044,PoppyMusgrove@armyspy.com,fd23e41c537279bf0a047e98ef79eb5b0f72bd0aec7e35ff897cb0128172d0ba
22,male,Mr.,Mitchell,Truman,QLD,4806,MitchellTruman@gustr.com,8106c92b46b4058181306d570eb166d7e598e1e020019aad33e2608ea74e5426
23,female,Ms.,Rose,Dash,WA,6055,RoseDash@teleworm.us,506e44b8ab5ac0ccc526f3308918800bc7e7d18eb613922348a2fb8935adc019
24,female,Ms.,Amber,Flinders,NSW,2804,AmberFlinders@teleworm.us,1225676ad99a1292bcac2db509462bd39ae4e43d6681b3f35b3b6c2391538bfa
25,female,Ms.,Alice,Royston,QLD,4740,AliceRoyston@cuvox.de,be3c8c9368e9e518320adac12fb0789640c23b1741b8ff559735c69dd73cbd38
26,female,Mrs.,Kiara,Remington,SA,5453,KiaraRemington@gustr.com,117b2cc60ab1d4b14722663c1dd6ae02c20c9b63929034987913b016d6043021
27,male,Mr.,Ali,De Vis,NSW,2404,AliDeVis@einrot.com,469ed958f410dec1f51bbf3c6077214ba41a495a2646c97b0aee3af397641ac1
28,male,Mr.,Caleb,Iverson,NSW,2800,CalebIverson@armyspy.com,e5c62c58612aa2a714bdf9509fe55fb59bc5d034688a2620debc538b292b3b3f
29,female,Ms.,Stella,Ribush,SA,5253,StellaRibush@cuvox.de,f7a72c065a9669c9d14f9193a840939e76360a717d45c45732007d5f7e7854e9
30,male,Mr.,Sam,Crace,VIC,3799,SamCrace@rhyta.com,68c8f70bd53306349d5622a31fa6d971eae7ceb192d263e4df89de157acb41e8
31,male,Mr.,Jack,Driver,VIC,3673,JackDriver@einrot.com,945458e2940c6002d27a117a975ea1cb9c9018d90663160fa116add98ec78ab9
32,male,Mr.,Thomas,Joyce,TAS,7140,ThomasJoyce@einrot.com,abfdf69bf57f90f4e22c2d572d17629ead78f935814e260164b5e4a770abf4d9
33,male,Mr.,Rory,Hemmant,TAS,7012,RoryHemmant@einrot.com,a96c69b717788a1cbc916966faa0d483c6520791848cc8ceda70d43b9f471700
34,male,Mr.,Aidan,Bromilow,SA,5374,AidanBromilow@rhyta.com,20fd4a3e8bbce5eb5284f9591fdb0513b0dd352eb67b939c8a926d66bf456cc8
35,male,Mr.,Anthony,David,VIC,3943,AnthonyDavid@jourrapide.com,1692b46e45c43cfb1d0286eff6ef682cabe9b37bd807caf0b5efd182759111fb
36,female,Ms.,Annabelle,Townsend,NSW,2304,AnnabelleTownsend@teleworm.us,cbff01be4afe44c21b1b10c01041bb84bc07e5f1bc3a8c9d7083d2af9793db71
37,male,Mr.,Daniel,Browne,NSW,2289,DanielBrowne@dayrep.com,a7b15b738a1882d7e20b8304acd778cca9d0e529a9ea696bfb52d428bca108c5
38,male,Mr.,Jackson,Newbigin,QLD,4122,JacksonNewbigin@fleckens.hu,60ddda470362b8abf8e1f85800980312d9c304dbd96252e44e0368180007e463
39,female,Ms.,Audrey,Solander,VIC,3546,AudreySolander@cuvox.de,a19e5cb46b13d026dfca5112d2a1c9f61039bd3423814374ceadbda4d7964fba
40,female,Mrs.,Sophia,Holden,VIC,3129,SophiaHolden@gustr.com,4b9d8366d6d69efd29bee192c29d15fe814cbd335a83c621a58ea61c43a848b1
41,female,Mrs.,Bella,Creer,VIC,3304,BellaCreer@cuvox.de,a09c1b22c5a6e2bc51868606535990d61b6c57707cd3697543eda8fdcbcf0e58
42,male,Mr.,Blake,Alison,WA,6522,BlakeAlison@cuvox.de,2caa83462aa7040c4eea050996177fcaeba7ffda6461cad327d297c0104d2e21
43,female,Mrs.,Stephanie,Stillwell,QLD,4352,StephanieStillwell@einrot.com,bb4d424d64bb178ddb73a3beecdc87c0c638c6be7b90302044859002654ea397
44,male,Mr.,Hudson,Whitfield,VIC,3186,HudsonWhitfield@rhyta.com,fa7de1a29c54c8afc8c8529d56eb597cfc1186a1edc8bc82637498b4d3b1d99e
45,male,Mr.,Tyson,Le Couteur,SA,5267,TysonLeCouteur@jourrapide.com,8ed4ba72f88b13ef4197a424a45b1bfaf0fe87bd3a872bbc5c126b0bc20072c2
46,female,Ms.,Sarah,Carington,QLD,4671,SarahCarington@einrot.com,5787364e43d332e00d9f92faaf1c4206e0b70b7c50b0b65a893e0c0ceec37f16
47,female,Mrs.,Holly,Monash,NSW,2336,HollyMonash@fleckens.hu,c87144276ec5c111509d49dbf9925b747ff6668770a912200bbe6cf8f73cc9c4
48,female,Ms.,Abigail,Baragwanath,VIC,3896,AbigailBaragwanath@superrito.com,29cc51ab40ab520c31b8543fb2d6a88650f5145ca0c08d08997f9ef41b756460
49,female,Ms.,Sophia,Nivison,QLD,4670,SophiaNivison@teleworm.us,89723988389d851ab5755cccd4b4ef2e5d31eb7046e6bfd9e63a5876070281dc